{
"kind" : "Policy",
"apiVersion" : "v1",
"predicates" : [
	{"name" : "PodFitsPorts"},
	{"name" : "PodFitsResources"},
	{"name" : "NoDiskConflict"},
	{"name" : "MatchNodeSelector"},
	{"name" : "HostName"}
	],
"priorities" : [
	{"name" : "LeastRequestedPriority", "weight" : 1},
	{"name" : "BalancedResourceAllocation", "weight" : 1},
	{"name" : "ServiceSpreadingPriority", "weight" : 1},
	{"name" : "EqualPriority", "weight" : 1}
	],
"extender": {
        "url": "http://127.0.0.1:12346/scheduler",
        "apiVersion": "v1beta1",
        "filterVerb": "filter",
        "prioritizeVerb": "prioritize",
        "weight": 5,
        "enableHttps": false
    }
}
