{
  "log": {
    "loglevel": "warning",
    "access": "/var/log/xray/xray-access.log",
    "error": "/var/log/xray/xray-error.log"
  },
  "dns": {
    "servers": [
      "https+local://1.1.1.1/dns-query",
      "localhost",
      "8.8.8.8",
      "8.8.4.4"
    ]
  },
  "routing": {
    "domainStrategy": "AsIs",
    "rules": [
      {
        "type": "field",
        "ip": ["geoip:private"],
        "outboundTag": "block"
      },
      {
        "type": "field",
        "domain": ["geosite:category-ads-all"],
        "outboundTag": "block"
      }
    ]
  },
  "inbounds": [
    {
      "port": 31090,
      "protocol": "vless",
      "settings": {
        "clients": [
          {
            "id": "111111-6244-4394-80f1-222222",
            "flow": "xtls-rprx-direct",
            "level": 0,
            "email": "vpsadmin@yourdomain.com"
          }
        ],
        "decryption": "none",
        "fallbacks": [
          {
            "dest": 443
          }
        ]
      },
      "streamSettings": {
        "network": "tcp",
        "security": "xtls",
        "xtlsSettings": {
          "allowInsecure": false,
          "minVersion": "1.2",
          "alpn": ["http/1.1"],
          "certificates": [
            {
              "certificateFile": "/usr/local/etc/xray/cert/xray.crt",
              "keyFile": "/usr/local/etc/xray/cert/xray.key"
            }
          ]
        }
      }
    },
    {
      "port": 31091,
      "protocol": "trojan",
      "settings": {
        "clients": [
          {
            "password": "111111",
            "flow": "xtls-rprx-direct",
            "level": 0,
            "email": "vpsadmin@yourdomain.com"
          }
        ],
        "fallbacks": [
          {
            "dest": 443
          }
        ]
      },
      "streamSettings": {
        "network": "tcp",
        "security": "xtls",
        "xtlsSettings": {
          "allowInsecure": false,
          "minVersion": "1.2",
          "alpn": ["http/1.1"],
          "certificates": [
            {
              "certificateFile": "/usr/local/etc/xray/cert/xray.crt",
              "keyFile": "/usr/local/etc/xray/cert/xray.key"
            }
          ]
        }
      }
    }
  ],
  "outbounds": [
    {
      "tag": "direct",
      "protocol": "freedom"
    },
    {
      "tag": "block",
      "protocol": "blackhole"
    }
  ]
}

