{
  "annotations": {
    "list": [
      {
        "builtIn": 1,
        "datasource": "-- Grafana --",
        "enable": true,
        "hide": true,
        "iconColor": "rgba(0, 211, 255, 1)",
        "name": "Annotations & Alerts",
        "target": {
          "limit": 100,
          "matchAny": false,
          "tags": [],
          "type": "dashboard"
        },
        "type": "dashboard"
      }
    ]
  },
  "editable": true,
  "fiscalYearStartMonth": 0,
  "graphTooltip": 0,
  "id": 1,
  "iteration": 1647408993934,
  "links": [],
  "liveNow": false,
  "panels": [
    {
      "gridPos": {
        "h": 18,
        "w": 24,
        "x": 0,
        "y": 0
      },
      "id": 2,
      "options": {
        "dedupStrategy": "exact",
        "enableLogDetails": false,
        "prettifyLogMessage": false,
        "showCommonLabels": false,
        "showLabels": false,
        "showTime": false,
        "sortOrder": "Descending",
        "wrapLogMessage": true
      },
      "pluginVersion": "8.4.3",
      "targets": [
        {
          "datasource": {
            "type": "loki",
            "uid": "ZWO7J4E7z"
          },
          "expr": "{app_name=\"${system}\", filename=~\"/works/log/.+?/${env}/${system}/.*${filename}.*\"}|~\"(?i)$search\"",
          "queryType": "range",
          "refId": "A"
        }
      ],
      "transparent": true,
      "type": "logs"
    }
  ],
  "refresh": false,
  "schemaVersion": 35,
  "style": "dark",
  "tags": [],
  "templating": {
    "list": [
      {
        "current": {
          "selected": true,
          "text": "uat",
          "value": "uat"
        },
        "definition": "label_values(filename)",
        "hide": 0,
        "includeAll": false,
        "label": "Env",
        "multi": false,
        "name": "env",
        "options": [],
        "query": "label_values(filename)",
        "refresh": 1,
        "regex": "/works\\/log\\/.+?\\/(.+?)\\/.*/",
        "skipUrlSync": false,
        "sort": 0,
        "type": "query"
      },
      {
        "current": {
          "selected": true,
          "text": "config-server",
          "value": "config-server"
        },
        "definition": "label_values(app_name)",
        "hide": 0,
        "includeAll": false,
        "label": "System",
        "multi": false,
        "name": "system",
        "options": [],
        "query": "label_values(app_name)",
        "refresh": 1,
        "regex": "",
        "skipUrlSync": false,
        "sort": 0,
        "type": "query"
      },
      {
        "allValue": ".+",
        "current": {
          "selected": false,
          "text": "config-server.log",
          "value": "config-server.log"
        },
        "definition": "label_values({app_name=\"${system}\", filename!~\".*(?:tmlog).*\"}, filename)",
        "hide": 0,
        "includeAll": false,
        "label": "Filename",
        "multi": false,
        "name": "filename",
        "options": [],
        "query": "label_values({app_name=\"${system}\", filename!~\".*(?:tmlog).*\"}, filename)",
        "refresh": 1,
        "regex": "/.*\\/(.+\\.log)/",
        "skipUrlSync": false,
        "sort": 2,
        "type": "query"
      },
      {
        "current": {
          "selected": true,
          "text": "",
          "value": ""
        },
        "hide": 0,
        "label": "Search",
        "name": "search",
        "options": [
          {
            "selected": true,
            "text": "",
            "value": ""
          }
        ],
        "query": "",
        "skipUrlSync": false,
        "type": "textbox"
      }
    ]
  },
  "time": {
    "from": "now-6h",
    "to": "now"
  },
  "timepicker": {},
  "timezone": "",
  "title": "Zerofinance Logs",
  "uid": "oJbFJVP7k",
  "version": 15,
  "weekStart": ""
}