{
   "kind":"ReplicationController",
   "apiVersion":"v1",
   "metadata":{
      "name":"guestbook",
      "labels":{
         "app":"guestbook"
      }
   },
   "spec":{
      "replicas":3,
      "selector":{
         "app":"guestbook"
      },
      "template":{
         "metadata":{
            "labels":{
               "app":"guestbook"
            }
         },
         "spec":{
            "containers":[
               {
                  "name":"guestbook",
                  "image":"gcr.io/google_containers/guestbook:v3",
                  "ports":[
                     {
                        "name":"http-server",
                        "containerPort":3000
                     }
                  ]
               }
            ]
         }
      }
   }
}
